{
    "name": "root",
    "metadata": {
        "timer_format_version": "0.1.0",
        "start_time_seconds": "1618351012",
        "python_version": "3.8.8 (default, Feb 24 2021, 15:54:32) [MSC v.1928 64 bit (AMD64)]",
        "command_line_arguments": "C:\\Users\\tosyn\\anaconda3\\envs\\Unity_20\\Scripts\\mlagents-learn --run-id=test2ed",
        "mlagents_version": "0.24.1",
        "mlagents_envs_version": "0.24.1",
        "communication_protocol_version": "1.4.0",
        "pytorch_version": "1.7.1+cpu",
        "numpy_version": "1.20.1",
        "end_time_seconds": "1618351096"
    },
    "total": 84.28544360000001,
    "count": 1,
    "self": 0.014142200000009097,
    "children": {
        "run_training.setup": {
            "total": 0.15681909999999988,
            "count": 1,
            "self": 0.15681909999999988
        },
        "TrainerController.start_learning": {
            "total": 84.1144823,
            "count": 1,
            "self": 0.13024850000026333,
            "children": {
                "TrainerController._reset_env": {
                    "total": 45.4836949,
                    "count": 1,
                    "self": 45.4836949
                },
                "TrainerController.advance": {
                    "total": 38.49909749999975,
                    "count": 1151,
                    "self": 0.051930199999581816,
                    "children": {
                        "env_step": {
                            "total": 38.44716730000017,
                            "count": 1151,
                            "self": 34.30329019999988,
                            "children": {
                                "SubprocessEnvManager._take_step": {
                                    "total": 4.07983770000007,
                                    "count": 1151,
                                    "self": 0.34535150000031933,
                                    "children": {
                                        "TorchPolicy.evaluate": {
                                            "total": 3.7344861999997505,
                                            "count": 1151,
                                            "self": 0.8500444999997185,
                                            "children": {
                                                "TorchPolicy.sample_actions": {
                                                    "total": 2.884441700000032,
                                                    "count": 1151,
                                                    "self": 2.884441700000032
                                                }
                                            }
                                        }
                                    }
                                },
                                "workers": {
                                    "total": 0.0640394000002189,
                                    "count": 1150,
                                    "self": 0.0,
                                    "children": {
                                        "worker_root": {
                                            "total": 38.41703429999999,
                                            "count": 1150,
                                            "is_parallel": true,
                                            "self": 9.041696099999918,
                                            "children": {
                                                "steps_from_proto": {
                                                    "total": 0.0013041999999998666,
                                                    "count": 1,
                                                    "is_parallel": true,
                                                    "self": 0.000553100000004747,
                                                    "children": {
                                                        "_process_vector_observation": {
                                                            "total": 0.0007510999999951196,
                                                            "count": 2,
                                                            "is_parallel": true,
                                                            "self": 0.0007510999999951196
                                                        }
                                                    }
                                                },
                                                "UnityEnvironment.step": {
                                                    "total": 29.374034000000073,
                                                    "count": 1150,
                                                    "is_parallel": true,
                                                    "self": 0.34321060000068115,
                                                    "children": {
                                                        "UnityEnvironment._generate_step_input": {
                                                            "total": 0.8050101000000467,
                                                            "count": 1150,
                                                            "is_parallel": true,
                                                            "self": 0.8050101000000467
                                                        },
                                                        "communicator.exchange": {
                                                            "total": 27.31441239999969,
                                                            "count": 1150,
                                                            "is_parallel": true,
                                                            "self": 27.31441239999969
                                                        },
                                                        "steps_from_proto": {
                                                            "total": 0.9114008999996557,
                                                            "count": 1150,
                                                            "is_parallel": true,
                                                            "self": 0.4270122999996957,
                                                            "children": {
                                                                "_process_vector_observation": {
                                                                    "total": 0.48438859999996,
                                                                    "count": 2300,
                                                                    "is_parallel": true,
                                                                    "self": 0.48438859999996
                                                                }
                                                            }
                                                        }
                                                    }
                                                }
                                            }
                                        }
                                    }
                                }
                            }
                        }
                    }
                },
                "trainer_threads": {
                    "total": 3.649999999311149e-05,
                    "count": 1,
                    "self": 3.649999999311149e-05,
                    "children": {
                        "thread_root": {
                            "total": 0.0,
                            "count": 0,
                            "is_parallel": true,
                            "self": 0.0,
                            "children": {
                                "trainer_advance": {
                                    "total": 38.38985150000016,
                                    "count": 2418,