{
    "name": "root",
    "metadata": {
        "timer_format_version": "0.1.0",
        "start_time_seconds": "1616805258",
        "python_version": "3.8.8 (default, Feb 24 2021, 15:54:32) [MSC v.1928 64 bit (AMD64)]",
        "command_line_arguments": "C:\\Users\\tosyn\\anaconda3\\envs\\Unity_20\\Scripts\\mlagents-learn --run-id=5ghnn",
        "mlagents_version": "0.24.1",
        "mlagents_envs_version": "0.24.1",
        "communication_protocol_version": "1.4.0",
        "pytorch_version": "1.7.1+cpu",
        "numpy_version": "1.20.1",
        "end_time_seconds": "1616805315"
    },
    "total": 56.5024125,
    "count": 1,
    "self": 0.034545399999991844,
    "children": {
        "run_training.setup": {
            "total": 0.25008419999999987,
            "count": 1,
            "self": 0.25008419999999987
        },
        "TrainerController.start_learning": {
            "total": 56.2177829,
            "count": 1,
            "self": 0.08393490000018744,
            "children": {
                "TrainerController._reset_env": {
                    "total": 31.895924299999997,
                    "count": 1,
                    "self": 31.895924299999997
                },
                "TrainerController.advance": {
                    "total": 23.961255199999812,
                    "count": 2034,
                    "self": 0.03197119999985887,
                    "children": {
                        "env_step": {
                            "total": 23.929283999999953,
                            "count": 2034,
                            "self": 21.199113400000208,
                            "children": {
                                "SubprocessEnvManager._take_step": {
                                    "total": 2.6943183999998723,
                                    "count": 2034,
                                    "self": 0.20227929999956729,
                                    "children": {
                                        "TorchPolicy.evaluate": {
                                            "total": 2.492039100000305,
                                            "count": 2034,
                                            "self": 0.5693321000000466,
                                            "children": {
                                                "TorchPolicy.sample_actions": {
                                                    "total": 1.9227070000002584,
                                                    "count": 2034,
                                                    "self": 1.9227070000002584
                                                }
                                            }
                                        }
                                    }
                                },
                                "workers": {
                                    "total": 0.03585219999987288,
                                    "count": 2033,
                                    "self": 0.0,
                                    "children": {
                                        "worker_root": {
                                            "total": 23.95587400000002,
                                            "count": 2033,
                                            "is_parallel": true,
                                            "self": 5.736070800000292,
                                            "children": {
                                                "steps_from_proto": {
                                                    "total": 0.0026713000000029297,
                                                    "count": 1,
                                                    "is_parallel": true,
                                                    "self": 0.0002977000000008445,
                                                    "children": {
                                                        "_process_vector_observation": {
                                                            "total": 0.002373600000002085,
                                                            "count": 2,
                                                            "is_parallel": true,
                                                            "self": 0.002373600000002085
                                                        }
                                                    }
                                                },
                                                "UnityEnvironment.step": {
                                                    "total": 18.217131899999725,
                                                    "count": 2033,
                                                    "is_parallel": true,
                                                    "self": 0.19363029999966486,
                                                    "children": {
                                                        "UnityEnvironment._generate_step_input": {
                                                            "total": 0.5219620000001122,
                                                            "count": 2033,
                                                            "is_parallel": true,
                                                            "self": 0.5219620000001122
                                                        },
                                                        "communicator.exchange": {
                                                            "total": 16.91109369999989,
                                                            "count": 2033,
                                                            "is_parallel": true,
                                                            "self": 16.91109369999989
                                                        },
                                                        "steps_from_proto": {
                                                            "total": 0.5904459000000593,
                                                            "count": 2033,
                                                            "is_parallel": true,
                                                            "self": 0.2607052000000749,
                                                            "children": {
                                                                "_process_vector_observation": {
                                                                    "total": 0.32974069999998434,
                                                                    "count": 4066,
                                                                    "is_parallel": true,
                                                                    "self": 0.32974069999998434
                                                                }
                                                            }
                                                        }
                                                    }
                                                }
                                            }
                                        }
                                    }
                                }
                            }
                        }
                    }
                },
                "trainer_threads": {
                    "total": 2.330000000227983e-05,
                    "count": 1,
                    "self": 2.330000000227983e-05,
                    "children": {
                        "thread_root": {
                            "total": 0.0,
                            "count": 0,
                            "is_parallel": true,
                            "self": 0.0,
                            "children": {
                                "trainer_advance": {
                                    "total": 23.770545600000034,
                                    "count": 11989,