{
    "name": "root",
    "metadata": {
        "timer_format_version": "0.1.0",
        "start_time_seconds": "1616801381",
        "python_version": "3.8.8 (default, Feb 24 2021, 15:54:32) [MSC v.1928 64 bit (AMD64)]",
        "command_line_arguments": "C:\\Users\\tosyn\\anaconda3\\envs\\Unity_20\\Scripts\\mlagents-learn --run-id=4fd",
        "mlagents_version": "0.24.1",
        "mlagents_envs_version": "0.24.1",
        "communication_protocol_version": "1.4.0",
        "pytorch_version": "1.7.1+cpu",
        "numpy_version": "1.20.1",
        "end_time_seconds": "1616801411"
    },
    "total": 30.095753300000002,
    "count": 1,
    "self": 0.008285000000004317,
    "children": {
        "run_training.setup": {
            "total": 0.08518649999999983,
            "count": 1,
            "self": 0.08518649999999983
        },
        "TrainerController.start_learning": {
            "total": 30.0022818,
            "count": 1,
            "self": 0.06958780000000075,
            "children": {
                "TrainerController._reset_env": {
                    "total": 10.9427079,
                    "count": 1,
                    "self": 10.9427079
                },
                "TrainerController.advance": {
                    "total": 18.7572729,
                    "count": 2067,
                    "self": 0.02945999999995408,
                    "children": {
                        "env_step": {
                            "total": 18.727812900000046,
                            "count": 2067,
                            "self": 16.15697899999983,
                            "children": {
                                "SubprocessEnvManager._take_step": {
                                    "total": 2.536579000000204,
                                    "count": 2067,
                                    "self": 0.19077040000010648,
                                    "children": {
                                        "TorchPolicy.evaluate": {
                                            "total": 2.3458086000000975,
                                            "count": 2067,
                                            "self": 0.5403950000001352,
                                            "children": {
                                                "TorchPolicy.sample_actions": {
                                                    "total": 1.8054135999999623,
                                                    "count": 2067,
                                                    "self": 1.8054135999999623
                                                }
                                            }
                                        }
                                    }
                                },
                                "workers": {
                                    "total": 0.03425490000001119,
                                    "count": 2066,
                                    "self": 0.0,
                                    "children": {
                                        "worker_root": {
                                            "total": 18.7422891,
                                            "count": 2066,
                                            "is_parallel": true,
                                            "self": 5.4272075000000815,
                                            "children": {
                                                "steps_from_proto": {
                                                    "total": 0.00041099999999971715,
                                                    "count": 1,
                                                    "is_parallel": true,
                                                    "self": 0.00016239999999889676,
                                                    "children": {
                                                        "_process_vector_observation": {
                                                            "total": 0.0002486000000008204,
                                                            "count": 2,
                                                            "is_parallel": true,
                                                            "self": 0.0002486000000008204
                                                        }
                                                    }
                                                },
                                                "UnityEnvironment.step": {
                                                    "total": 13.31467059999992,
                                                    "count": 2066,
                                                    "is_parallel": true,
                                                    "self": 0.1893229999998347,
                                                    "children": {
                                                        "UnityEnvironment._generate_step_input": {
                                                            "total": 0.5201154999999797,
                                                            "count": 2066,
                                                            "is_parallel": true,
                                                            "self": 0.5201154999999797
                                                        },
                                                        "communicator.exchange": {
                                                            "total": 12.014122200000054,
                                                            "count": 2066,
                                                            "is_parallel": true,
                                                            "self": 12.014122200000054
                                                        },
                                                        "steps_from_proto": {
                                                            "total": 0.5911099000000508,
                                                            "count": 2066,
                                                            "is_parallel": true,
                                                            "self": 0.26010650000002755,
                                                            "children": {
                                                                "_process_vector_observation": {
                                                                    "total": 0.33100340000002326,
                                                                    "count": 4132,
                                                                    "is_parallel": true,
                                                                    "self": 0.33100340000002326
                                                                }
                                                            }
                                                        }
                                                    }
                                                }
                                            }
                                        }
                                    }
                                }
                            }
                        }
                    }
                },
                "trainer_threads": {
                    "total": 2.2999999998774e-05,
                    "count": 1,
                    "self": 2.2999999998774e-05,
                    "children": {
                        "thread_root": {
                            "total": 0.0,
                            "count": 0,
                            "is_parallel": true,
                            "self": 0.0,
                            "children": {
                                "trainer_advance": {
                                    "total": 18.640981800000077,
                                    "count": 9378,