{
    "name": "root",
    "metadata": {
        "timer_format_version": "0.1.0",
        "start_time_seconds": "1616800613",
        "python_version": "3.8.8 (default, Feb 24 2021, 15:54:32) [MSC v.1928 64 bit (AMD64)]",
        "command_line_arguments": "C:\\Users\\tosyn\\anaconda3\\envs\\Unity_20\\Scripts\\mlagents-learn --run-id=6gjf",
        "mlagents_version": "0.24.1",
        "mlagents_envs_version": "0.24.1",
        "communication_protocol_version": "1.4.0",
        "pytorch_version": "1.7.1+cpu",
        "numpy_version": "1.20.1",
        "end_time_seconds": "1616800656"
    },
    "total": 42.7523079,
    "count": 1,
    "self": 0.021144300000003113,
    "children": {
        "run_training.setup": {
            "total": 0.08688340000000006,
            "count": 1,
            "self": 0.08688340000000006
        },
        "TrainerController.start_learning": {
            "total": 42.6442802,
            "count": 1,
            "self": 0.016949299999879486,
            "children": {
                "TrainerController._reset_env": {
                    "total": 31.311961500000002,
                    "count": 1,
                    "self": 31.311961500000002
                },
                "TrainerController.advance": {
                    "total": 10.902968300000111,
                    "count": 451,
                    "self": 0.006855800000160173,
                    "children": {
                        "env_step": {
                            "total": 10.896112499999951,
                            "count": 451,
                            "self": 10.30805019999989,
                            "children": {
                                "SubprocessEnvManager._take_step": {
                                    "total": 0.5808946000000503,
                                    "count": 451,
                                    "self": 0.04163250000002705,
                                    "children": {
                                        "TorchPolicy.evaluate": {
                                            "total": 0.5392621000000233,
                                            "count": 451,
                                            "self": 0.11850639999993717,
                                            "children": {
                                                "TorchPolicy.sample_actions": {
                                                    "total": 0.4207557000000861,
                                                    "count": 451,
                                                    "self": 0.4207557000000861
                                                }
                                            }
                                        }
                                    }
                                },
                                "workers": {
                                    "total": 0.007167700000010768,
                                    "count": 450,
                                    "self": 0.0,
                                    "children": {
                                        "worker_root": {
                                            "total": 10.896650699999995,
                                            "count": 450,
                                            "is_parallel": true,
                                            "self": 1.2666221000000135,
                                            "children": {
                                                "steps_from_proto": {
                                                    "total": 0.002396699999998475,
                                                    "count": 1,
                                                    "is_parallel": true,
                                                    "self": 0.00018079999999542906,
                                                    "children": {
                                                        "_process_vector_observation": {
                                                            "total": 0.002215900000003046,
                                                            "count": 4,
                                                            "is_parallel": true,
                                                            "self": 0.002215900000003046
                                                        }
                                                    }
                                                },
                                                "UnityEnvironment.step": {
                                                    "total": 9.627631899999983,
                                                    "count": 450,
                                                    "is_parallel": true,
                                                    "self": 0.043569300000065425,
                                                    "children": {
                                                        "UnityEnvironment._generate_step_input": {
                                                            "total": 0.11483489999996266,
                                                            "count": 450,
                                                            "is_parallel": true,
                                                            "self": 0.11483489999996266
                                                        },
                                                        "communicator.exchange": {
                                                            "total": 9.30406780000003,
                                                            "count": 450,
                                                            "is_parallel": true,
                                                            "self": 9.30406780000003
                                                        },
                                                        "steps_from_proto": {
                                                            "total": 0.16515989999992442,
                                                            "count": 450,
                                                            "is_parallel": true,
                                                            "self": 0.06097859999994526,
                                                            "children": {
                                                                "_process_vector_observation": {
                                                                    "total": 0.10418129999997916,
                                                                    "count": 1800,
                                                                    "is_parallel": true,
                                                                    "self": 0.10418129999997916
                                                                }
                                                            }
                                                        }
                                                    }
                                                }
                                            }
                                        }
                                    }
                                }
                            }
                        }
                    }
                },
                "trainer_threads": {
                    "total": 3.2000000004472895e-05,
                    "count": 1,
                    "self": 3.2000000004472895e-05,
                    "children": {
                        "thread_root": {
                            "total": 0.0,
                            "count": 0,
                            "is_parallel": true,
                            "self": 0.0,
                            "children": {
                                "trainer_advance": {
                                    "total": 10.796567799999963,
                                    "count": 5456,