{
    "name": "root",
    "metadata": {
        "timer_format_version": "0.1.0",
        "start_time_seconds": "1616805417",
        "python_version": "3.8.8 (default, Feb 24 2021, 15:54:32) [MSC v.1928 64 bit (AMD64)]",
        "command_line_arguments": "C:\\Users\\tosyn\\anaconda3\\envs\\Unity_20\\Scripts\\mlagents-learn --run-id=5ghnnfd",
        "mlagents_version": "0.24.1",
        "mlagents_envs_version": "0.24.1",
        "communication_protocol_version": "1.4.0",
        "pytorch_version": "1.7.1+cpu",
        "numpy_version": "1.20.1",
        "end_time_seconds": "1616805506"
    },
    "total": 88.98861050000001,
    "count": 1,
    "self": 0.008356699999993111,
    "children": {
        "run_training.setup": {
            "total": 0.08059689999999975,
            "count": 1,
            "self": 0.08059689999999975
        },
        "TrainerController.start_learning": {
            "total": 88.89965690000001,
            "count": 1,
            "self": 0.25345529999978567,
            "children": {
                "TrainerController._reset_env": {
                    "total": 17.3928298,
                    "count": 1,
                    "self": 17.3928298
                },
                "TrainerController.advance": {
                    "total": 71.03996760000022,
                    "count": 7351,
                    "self": 0.10877990000042814,
                    "children": {
                        "env_step": {
                            "total": 70.9311876999998,
                            "count": 7351,
                            "self": 61.81460579999934,
                            "children": {
                                "SubprocessEnvManager._take_step": {
                                    "total": 8.989575300000247,
                                    "count": 7351,
                                    "self": 0.6813671000000312,
                                    "children": {
                                        "TorchPolicy.evaluate": {
                                            "total": 8.308208200000216,
                                            "count": 7351,
                                            "self": 1.8562157999999584,
                                            "children": {
                                                "TorchPolicy.sample_actions": {
                                                    "total": 6.4519924000002575,
                                                    "count": 7351,
                                                    "self": 6.4519924000002575
                                                }
                                            }
                                        }
                                    }
                                },
                                "workers": {
                                    "total": 0.12700660000020747,
                                    "count": 7350,
                                    "self": 0.0,
                                    "children": {
                                        "worker_root": {
                                            "total": 71.0872522,
                                            "count": 7350,
                                            "is_parallel": true,
                                            "self": 19.382192400000093,
                                            "children": {
                                                "steps_from_proto": {
                                                    "total": 0.001990700000000345,
                                                    "count": 1,
                                                    "is_parallel": true,
                                                    "self": 0.0008729000000009535,
                                                    "children": {
                                                        "_process_vector_observation": {
                                                            "total": 0.0011177999999993915,
                                                            "count": 2,
                                                            "is_parallel": true,
                                                            "self": 0.0011177999999993915
                                                        }
                                                    }
                                                },
                                                "UnityEnvironment.step": {
                                                    "total": 51.7030690999999,
                                                    "count": 7350,
                                                    "is_parallel": true,
                                                    "self": 0.6902056999993249,
                                                    "children": {
                                                        "UnityEnvironment._generate_step_input": {
                                                            "total": 1.816422500000062,
                                                            "count": 7350,
                                                            "is_parallel": true,
                                                            "self": 1.816422500000062
                                                        },
                                                        "communicator.exchange": {
                                                            "total": 47.12543130000036,
                                                            "count": 7350,
                                                            "is_parallel": true,
                                                            "self": 47.12543130000036
                                                        },
                                                        "steps_from_proto": {
                                                            "total": 2.07100960000016,
                                                            "count": 7350,
                                                            "is_parallel": true,
                                                            "self": 0.9362947000002713,
                                                            "children": {
                                                                "_process_vector_observation": {
                                                                    "total": 1.1347148999998886,
                                                                    "count": 14700,
                                                                    "is_parallel": true,
                                                                    "self": 1.1347148999998886
                                                                }
                                                            }
                                                        }
                                                    }
                                                }
                                            }
                                        }
                                    }
                                }
                            }
                        }
                    }
                },
                "trainer_threads": {
                    "total": 2.9000000012047167e-05,
                    "count": 1,
                    "self": 2.9000000012047167e-05,
                    "children": {
                        "thread_root": {
                            "total": 0.0,
                            "count": 0,
                            "is_parallel": true,
                            "self": 0.0,
                            "children": {
                                "trainer_advance": {
                                    "total": 70.5181387000006,
                                    "count": 35363,