{
    "name": "root",
    "metadata": {
        "timer_format_version": "0.1.0",
        "start_time_seconds": "1616802389",
        "python_version": "3.8.8 (default, Feb 24 2021, 15:54:32) [MSC v.1928 64 bit (AMD64)]",
        "command_line_arguments": "C:\\Users\\tosyn\\anaconda3\\envs\\Unity_20\\Scripts\\mlagents-learn --run-id=5gk",
        "mlagents_version": "0.24.1",
        "mlagents_envs_version": "0.24.1",
        "communication_protocol_version": "1.4.0",
        "pytorch_version": "1.7.1+cpu",
        "numpy_version": "1.20.1",
        "end_time_seconds": "1616802464"
    },
    "total": 74.64004310000001,
    "count": 1,
    "self": 0.018666800000019634,
    "children": {
        "run_training.setup": {
            "total": 0.5513496999999994,
            "count": 1,
            "self": 0.5513496999999994
        },
        "TrainerController.start_learning": {
            "total": 74.07002659999999,
            "count": 1,
            "self": 0.18767659999970476,
            "children": {
                "TrainerController._reset_env": {
                    "total": 12.321138900000001,
                    "count": 1,
                    "self": 12.321138900000001
                },
                "TrainerController.advance": {
                    "total": 61.21838790000029,
                    "count": 4684,
                    "self": 0.08470389999997963,
                    "children": {
                        "env_step": {
                            "total": 61.13368400000031,
                            "count": 4684,
                            "self": 54.03174840000027,
                            "children": {
                                "SubprocessEnvManager._take_step": {
                                    "total": 7.006146900000051,
                                    "count": 4684,
                                    "self": 0.5339349999999143,
                                    "children": {
                                        "TorchPolicy.evaluate": {
                                            "total": 6.472211900000136,
                                            "count": 4684,
                                            "self": 1.4810648000005848,
                                            "children": {
                                                "TorchPolicy.sample_actions": {
                                                    "total": 4.9911470999995515,
                                                    "count": 4684,
                                                    "self": 4.9911470999995515
                                                }
                                            }
                                        }
                                    }
                                },
                                "workers": {
                                    "total": 0.09578869999998574,
                                    "count": 4683,
                                    "self": 0.0,
                                    "children": {
                                        "worker_root": {
                                            "total": 61.08229370000002,
                                            "count": 4683,
                                            "is_parallel": true,
                                            "self": 14.911156099999957,
                                            "children": {
                                                "steps_from_proto": {
                                                    "total": 0.0005545999999991835,
                                                    "count": 1,
                                                    "is_parallel": true,
                                                    "self": 0.00022959999999905278,
                                                    "children": {
                                                        "_process_vector_observation": {
                                                            "total": 0.00032500000000013074,
                                                            "count": 2,
                                                            "is_parallel": true,
                                                            "self": 0.00032500000000013074
                                                        }
                                                    }
                                                },
                                                "UnityEnvironment.step": {
                                                    "total": 46.170583000000065,
                                                    "count": 4683,
                                                    "is_parallel": true,
                                                    "self": 0.5130368000000232,
                                                    "children": {
                                                        "UnityEnvironment._generate_step_input": {
                                                            "total": 1.3622324999999815,
                                                            "count": 4683,
                                                            "is_parallel": true,
                                                            "self": 1.3622324999999815
                                                        },
                                                        "communicator.exchange": {
                                                            "total": 42.728689900000234,
                                                            "count": 4683,
                                                            "is_parallel": true,
                                                            "self": 42.728689900000234
                                                        },
                                                        "steps_from_proto": {
                                                            "total": 1.5666237999998227,
                                                            "count": 4683,
                                                            "is_parallel": true,
                                                            "self": 0.7183421999998849,
                                                            "children": {
                                                                "_process_vector_observation": {
                                                                    "total": 0.8482815999999378,
                                                                    "count": 9366,
                                                                    "is_parallel": true,
                                                                    "self": 0.8482815999999378
                                                                }
                                                            }
                                                        }
                                                    }
                                                }
                                            }
                                        }
                                    }
                                }
                            }
                        }
                    }
                },
                "trainer_threads": {
                    "total": 4.130000000657219e-05,
                    "count": 1,
                    "self": 4.130000000657219e-05,
                    "children": {
                        "thread_root": {
                            "total": 0.0,
                            "count": 0,
                            "is_parallel": true,
                            "self": 0.0,
                            "children": {
                                "trainer_advance": {
                                    "total": 60.62843949999982,