{"count":1,"self":55.180345599999995,"total":61.595292199999996,"children":{"InitializeActuators":{"count":3,"self":0.0039984999999999995,"total":0.0039984999999999995,"children":null},"InitializeSensors":{"count":3,"self":0.0010000999999999999,"total":0.0010000999999999999,"children":null},"AgentSendState":{"count":2777,"self":0.21030649999999998,"total":3.1096361,"children":{"CollectObservations":{"count":2777,"self":0.1466882,"total":0.1466882,"children":null},"WriteActionMask":{"count":2777,"self":0.0369252,"total":0.0369252,"children":null},"RequestDecision":{"count":2777,"self":2.7157161999999997,"total":2.7157161999999997,"children":null}}},"DecideAction":{"count":2777,"self":0.0893762,"total":0.0893762,"children":null},"AgentAct":{"count":2777,"self":3.2089499999999997,"total":3.2089501,"children":null}},"gauges":{"MLPlayer.CumulativeReward":{"count":4,"max":47.9000969,"min":-5.10000038,"runningAverage":25.3500423,"value":-5.10000038,"weightedAverage":24.41254}},"metadata":{"timer_format_version":"0.1.0","start_time_seconds":"1618334840","unity_version":"2019.4.13f1","command_line_arguments":"C:\\Program Files\\Unity\\Hub\\Editor\\2019.4.13f1\\Editor\\Unity.exe -projectpath C:\/Users\/tosyn\/Documents\/new one\/project-final\/AI project -useHub -hubIPC -cloudEnvironment production -hubSessionId 5f326a20-925f-11eb-9f56-5bce01bf1722 -accessToken s7umdaHJpMG1BA3Vdsj5jvX2RD0tyWOIKKs17eo0TZ0005f","communication_protocol_version":"1.4.0","com.unity.ml-agents_version":"1.8.1-preview","scene_name":"demo","end_time_seconds":"1618334901"}}