{"count":1,"self":36.1722272,"total":38.8326928,"children":{"InitializeActuators":{"count":2,"self":0.0049819,"total":0.0049819,"children":null},"InitializeSensors":{"count":2,"self":0.0020185999999999997,"total":0.0020185999999999997,"children":null},"AgentSendState":{"count":1624,"self":0.10389269999999999,"total":2.4220099,"children":{"CollectObservations":{"count":1624,"self":1.1413581,"total":1.1413581,"children":null},"WriteActionMask":{"count":1624,"self":0.014980499999999999,"total":0.014980499999999999,"children":null},"RequestDecision":{"count":1624,"self":1.1617785999999999,"total":1.1617785999999999,"children":null}}},"DecideAction":{"count":1624,"self":0.057371399999999996,"total":0.057371399999999996,"children":null},"AgentAct":{"count":1624,"self":0.17207419999999998,"total":0.17207419999999998,"children":null}},"gauges":{"self-play.CumulativeReward":{"count":1,"max":0.2146003,"min":0.2146003,"runningAverage":0.2146003,"value":0.2146003,"weightedAverage":0.2146003}},"metadata":{"timer_format_version":"0.1.0","start_time_seconds":"1620336533","unity_version":"2019.4.13f1","command_line_arguments":"C:\\Program Files\\Unity\\Hub\\Editor\\2019.4.13f1\\Editor\\Unity.exe -projectpath C:\/Users\/tosyn\/Documents\/new one\/project-final\/AI project -useHub -hubIPC -cloudEnvironment production -hubSessionId 6aa6dcc0-ae4c-11eb-a78e-631b2c4cc2b0 -accessToken dmgmj-9BPhdDZXxOMu4WRFScJe9dd2uVnr3ZiTzfSnY005f","communication_protocol_version":"1.4.0","com.unity.ml-agents_version":"1.8.1-preview","scene_name":"demo","end_time_seconds":"1620336571"}}